id,store_id,product_category,date,baseline_expected,actual_units,revenue,returns_units,stock_available,event_id,created_at
1,2,Traditional Wear,2026-07-26,1056.5,1353.3,1707184.03,104.2,1710.0,14.0,2026-09-05 07:12:52.793976
2,7,Traditional Wear,2026-07-29,1051.6,1074.6,1615352.88,44.4,1246.2,,2026-09-05 07:12:52.793976
3,12,Casual Wear,2026-07-25,968.9,955.1,1580962.15,45.8,1171.7,,2026-09-05 07:12:52.793976
4,3,Women's Wear,2026-08-18,1111.5,1199.8,1506525.88,53.8,1624.8,,2026-09-05 07:12:52.793976
5,5,Accessories,2026-07-28,384.8,409.4,510636.48,22.4,527.5,,2026-09-05 07:12:52.793976
6,14,Men's Wear,2026-07-10,930.4,989.8,1214974.18,50.9,1174.7,,2026-09-05 07:12:52.793976
7,14,Women's Wear,2026-08-30,1145.8,1062.6,1378821.75,61.4,1382.5,,2026-09-05 07:12:52.793976
8,15,Footwear,2026-07-22,387.6,396.1,515992.81,30.3,455.1,,2026-09-05 07:12:52.793976
9,5,Footwear,2026-08-11,679.8,739.1,1227636.34,31.6,995.2,15.0,2026-09-05 07:12:52.793976
10,6,Kids Wear,2026-07-15,430.5,445.5,786639.77,37.3,532.1,,2026-09-05 07:12:52.793976
11,8,Kids Wear,2026-07-25,834.3,845.7,1392862.31,56.6,1119.8,,2026-09-05 07:12:52.793976
12,15,Casual Wear,2026-08-08,736.5,749.1,1347273.25,49.0,844.4,,2026-09-05 07:12:52.793976
13,14,Traditional Wear,2026-09-01,1057.3,1033.2,1478364.95,72.1,1281.6,,2026-09-05 07:12:52.793976
14,9,Accessories,2026-08-19,534.9,508.8,645530.36,42.9,674.3,,2026-09-05 07:12:52.793976
15,11,Men's Wear,2026-07-17,753.5,681.9,1176626.47,36.3,852.5,,2026-09-05 07:12:52.793976
16,9,Traditional Wear,2026-08-24,1450.2,1491.4,2361437.57,105.1,1708.9,,2026-09-05 07:12:52.793976
17,3,Casual Wear,2026-07-18,1169.6,1224.7,1828677.25,55.8,1480.5,,2026-09-05 07:12:52.793976
18,13,Men's Wear,2026-07-13,538.9,524.6,808101.27,23.0,692.2,,2026-09-05 07:12:52.793976
19,2,Accessories,2026-07-14,340.9,323.2,419861.42,21.5,414.3,,2026-09-05 07:12:52.793976
20,15,Casual Wear,2026-08-22,813.6,747.1,1216106.51,44.8,972.4,,2026-09-05 07:12:52.793976
21,8,Casual Wear,2026-08-12,1366.2,1376.6,2109437.02,95.6,1517.2,,2026-09-05 07:12:52.793976
22,11,Traditional Wear,2026-07-21,1042.4,1045.8,1794364.02,45.5,1225.1,,2026-09-05 07:12:52.793976
23,8,Women's Wear,2026-07-24,1321.8,1373.0,1847781.13,87.4,1678.0,,2026-09-05 07:12:52.793976
24,2,Footwear,2026-08-29,428.5,413.4,611920.8,31.6,538.3,,2026-09-05 07:12:52.793976
25,2,Traditional Wear,2026-07-25,951.5,1166.4,1573699.65,57.7,1440.0,14.0,2026-09-05 07:12:52.793976
26,3,Men's Wear,2026-08-08,846.9,903.9,1125564.24,72.7,1226.4,,2026-09-05 07:12:52.793976
27,1,Footwear,2026-08-29,708.2,771.7,1319003.1,37.3,961.3,,2026-09-05 07:12:52.793976
28,14,Kids Wear,2026-08-22,663.1,651.4,782522.41,38.8,897.6,,2026-09-05 07:12:52.793976
29,8,Men's Wear,2026-07-16,1117.4,1174.3,1915336.1,56.1,1396.3,,2026-09-05 07:12:52.793976
30,10,Footwear,2026-09-01,417.0,416.4,513962.17,28.8,520.9,,2026-09-05 07:12:52.793976
31,9,Women's Wear,2026-07-12,976.1,984.8,1221916.71,81.8,1202.6,,2026-09-05 07:12:52.793976
32,10,Women's Wear,2026-07-10,816.6,857.0,1366421.28,58.5,1024.0,,2026-09-05 07:12:52.793976
33,4,Footwear,2026-08-19,419.3,399.4,551171.3,22.3,529.4,,2026-09-05 07:12:52.793976
34,1,Kids Wear,2026-08-31,671.8,696.2,877204.17,46.6,871.5,,2026-09-05 07:12:52.793976
35,15,Men's Wear,2026-08-27,710.9,699.5,1189322.76,52.6,897.8,,2026-09-05 07:12:52.793976
36,11,Casual Wear,2026-07-15,902.3,917.8,1266221.89,67.2,1268.1,,2026-09-05 07:12:52.793976
37,5,Traditional Wear,2026-08-27,1600.4,1629.6,2161465.25,93.1,2128.7,,2026-09-05 07:12:52.793976
38,5,Casual Wear,2026-07-12,1308.2,1343.5,2294244.2,59.9,1648.6,,2026-09-05 07:12:52.793976
39,1,Traditional Wear,2026-08-18,1275.1,1305.1,1912103.72,98.3,1655.2,,2026-09-05 07:12:52.793976
40,2,Footwear,2026-08-28,501.8,500.3,850888.73,34.6,572.6,,2026-09-05 07:12:52.793976
41,1,Men's Wear,2026-08-27,979.1,990.1,1400680.15,73.4,1287.2,,2026-09-05 07:12:52.793976
42,13,Casual Wear,2026-08-13,793.0,791.4,1244394.91,37.8,1091.3,,2026-09-05 07:12:52.793976
43,3,Accessories,2026-07-11,439.7,468.1,655017.61,40.5,627.6,,2026-09-05 07:12:52.793976
44,12,Accessories,2026-07-11,325.5,328.8,532908.16,19.4,365.5,,2026-09-05 07:12:52.793976
45,4,Women's Wear,2026-08-05,828.8,808.7,1080873.88,33.3,936.4,,2026-09-05 07:12:52.793976
46,5,Accessories,2026-08-14,390.6,416.8,587974.62,27.3,543.4,,2026-09-05 07:12:52.793976
47,9,Men's Wear,2026-07-13,1140.9,1169.0,2077921.57,62.3,1323.9,,2026-09-05 07:12:52.793976
48,6,Footwear,2026-08-08,499.2,496.9,889720.08,22.7,680.7,,2026-09-05 07:12:52.793976
49,5,Traditional Wear,2026-08-23,1519.0,1694.0,2786918.06,124.6,2048.5,,2026-09-05 07:12:52.793976
50,11,Men's Wear,2026-08-31,906.9,893.1,1138501.72,75.9,1118.3,,2026-09-05 07:12:52.793976
51,7,Men's Wear,2026-07-24,910.8,937.3,1653601.72,69.2,1284.9,,2026-09-05 07:12:52.793976
52,10,Men's Wear,2026-07-27,678.1,698.4,965415.76,35.3,932.9,,2026-09-05 07:12:52.793976
53,11,Men's Wear,2026-07-28,859.5,868.3,1511457.19,69.3,999.3,,2026-09-05 07:12:52.793976
54,5,Casual Wear,2026-08-30,1373.9,1434.5,1801778.36,125.7,1679.0,,2026-09-05 07:12:52.793976
55,4,Accessories,2026-08-16,256.5,257.3,320003.22,15.6,331.6,,2026-09-05 07:12:52.793976
56,12,Footwear,2026-08-23,461.9,467.5,602393.76,34.8,639.4,,2026-09-05 07:12:52.793976
57,13,Traditional Wear,2026-07-11,844.0,861.4,1273777.96,58.5,1184.6,,2026-09-05 07:12:52.793976
58,8,Women's Wear,2026-08-28,1425.6,1342.6,2406926.64,93.7,1859.5,,2026-09-05 07:12:52.793976
59,8,Casual Wear,2026-07-09,1510.1,1392.2,2043120.56,66.8,1891.2,,2026-09-05 07:12:52.793976
60,5,Accessories,2026-08-07,430.6,545.7,863623.11,42.7,685.6,15.0,2026-09-05 07:12:52.793976
61,4,Men's Wear,2026-07-26,650.8,653.1,1133661.49,28.8,748.0,,2026-09-05 07:12:52.793976
62,12,Women's Wear,2026-08-11,993.5,1143.7,1744790.62,69.5,1329.0,,2026-09-05 07:12:52.793976
63,7,Accessories,2026-08-09,438.9,457.5,653414.59,18.4,551.5,,2026-09-05 07:12:52.793976
64,7,Accessories,2026-07-18,498.9,472.3,719280.94,36.2,632.9,,2026-09-05 07:12:52.793976
65,4,Kids Wear,2026-07-09,361.1,374.0,601199.44,22.5,429.9,,2026-09-05 07:12:52.793976
66,15,Women's Wear,2026-08-06,819.2,824.6,1438232.12,57.4,1071.1,,2026-09-05 07:12:52.793976
67,11,Kids Wear,2026-08-30,452.6,469.4,622892.0,26.4,623.5,,2026-09-05 07:12:52.793976
68,5,Accessories,2026-08-11,589.0,727.3,1056722.46,59.5,902.6,15.0,2026-09-05 07:12:52.793976
69,9,Traditional Wear,2026-07-19,1503.3,1441.8,2293979.92,112.0,1996.7,,2026-09-05 07:12:52.793976
70,14,Traditional Wear,2026-08-23,1233.0,1163.4,1726644.56,53.2,1610.5,,2026-09-05 07:12:52.793976
71,12,Men's Wear,2026-08-06,897.3,850.7,1079299.87,68.9,1182.0,,2026-09-05 07:12:52.793976
72,10,Traditional Wear,2026-08-29,1042.7,999.5,1743943.28,58.7,1381.7,,2026-09-05 07:12:52.793976
73,2,Casual Wear,2026-08-23,953.4,1006.0,1720437.0,70.4,1143.1,,2026-09-05 07:12:52.793976
74,13,Traditional Wear,2026-07-30,738.4,768.8,1093496.93,50.2,924.4,,2026-09-05 07:12:52.793976
75,7,Accessories,2026-07-12,420.6,397.6,586795.42,18.9,458.4,,2026-09-05 07:12:52.793976
76,11,Men's Wear,2026-08-02,904.8,962.9,1603021.35,60.9,1297.7,,2026-09-05 07:12:52.793976
77,5,Men's Wear,2026-07-29,1219.4,1305.6,1757752.86,82.6,1675.2,,2026-09-05 07:12:52.793976
78,6,Traditional Wear,2026-08-11,1011.5,1054.8,1574320.6,60.9,1242.0,,2026-09-05 07:12:52.793976
79,15,Casual Wear,2026-08-18,801.9,879.8,1100953.37,66.9,1096.7,,2026-09-05 07:12:52.793976
80,4,Footwear,2026-07-18,386.3,388.7,570963.27,15.9,461.9,,2026-09-05 07:12:52.793976
81,12,Women's Wear,2026-08-10,880.1,837.4,1218670.14,64.7,1004.2,,2026-09-05 07:12:52.793976
82,8,Men's Wear,2026-07-22,1071.4,1080.2,1763718.8,60.3,1429.0,,2026-09-05 07:12:52.793976
83,12,Women's Wear,2026-07-18,847.6,840.1,1391310.39,58.7,1171.2,,2026-09-05 07:12:52.793976
84,4,Men's Wear,2026-07-13,602.1,633.8,765940.34,42.3,749.3,,2026-09-05 07:12:52.793976
85,9,Men's Wear,2026-09-01,1058.3,1091.6,1881516.52,75.0,1354.5,,2026-09-05 07:12:52.793976
86,6,Women's Wear,2026-08-07,1004.1,969.8,1665179.36,44.3,1085.8,,2026-09-05 07:12:52.793976
87,2,Casual Wear,2026-08-04,937.6,973.9,1749466.12,44.7,1294.6,,2026-09-05 07:12:52.793976
88,10,Accessories,2026-07-28,331.3,327.0,467030.17,27.9,388.9,,2026-09-05 07:12:52.793976
89,7,Men's Wear,2026-07-29,964.8,1215.4,1914630.58,64.7,1366.5,,2026-09-05 07:12:52.793976
90,3,Casual Wear,2026-08-20,909.7,1056.9,1644839.43,57.7,1236.0,,2026-09-05 07:12:52.793976
91,5,Footwear,2026-07-21,718.4,774.4,1203319.83,62.1,897.8,,2026-09-05 07:12:52.793976
92,9,Women's Wear,2026-08-28,1177.9,1261.0,2138629.14,54.9,1449.9,,2026-09-05 07:12:52.793976
93,10,Footwear,2026-08-16,457.8,438.7,606482.88,26.4,518.4,,2026-09-05 07:12:52.793976
94,8,Kids Wear,2026-08-01,579.6,657.0,915459.17,34.5,740.7,,2026-09-05 07:12:52.793976
95,14,Accessories,2026-07-23,420.3,445.4,606504.13,18.7,591.0,,2026-09-05 07:12:52.793976
96,9,Footwear,2026-08-05,569.0,568.9,1022977.37,35.2,764.8,,2026-09-05 07:12:52.793976
97,8,Men's Wear,2026-08-30,1111.6,1132.4,1638568.14,73.3,1470.7,,2026-09-05 07:12:52.793976
98,14,Accessories,2026-08-10,415.6,421.6,585480.26,23.7,586.5,,2026-09-05 07:12:52.793976
99,14,Casual Wear,2026-08-10,1195.3,1392.6,2104307.22,99.1,1740.1,,2026-09-05 07:12:52.793976
100,13,Traditional Wear,2026-08-07,703.2,705.4,1239108.22,43.7,923.7,,2026-09-05 07:12:52.793976
101,1,Footwear,2026-08-28,625.2,642.4,983739.78,28.7,897.9,,2026-09-05 07:12:52.793976
102,8,Traditional Wear,2026-08-28,1574.3,1641.1,2887666.16,89.6,2152.5,,2026-09-05 07:12:52.793976
103,14,Kids Wear,2026-08-09,682.6,657.1,1151975.74,43.0,896.2,,2026-09-05 07:12:52.793976
104,2,Men's Wear,2026-07-11,819.6,809.4,1136337.01,64.3,955.2,,2026-09-05 07:12:52.793976
105,5,Footwear,2026-09-04,592.2,619.7,798890.75,41.5,745.8,,2026-09-05 07:12:52.793976
106,13,Casual Wear,2026-07-31,689.5,689.3,1186809.86,61.4,807.6,,2026-09-05 07:12:52.793976
107,4,Accessories,2026-08-11,335.8,435.7,707200.67,35.1,529.7,15.0,2026-09-05 07:12:52.793976
108,13,Accessories,2026-07-24,284.0,289.1,514278.45,13.4,401.7,,2026-09-05 07:12:52.793976
109,14,Traditional Wear,2026-08-14,1327.8,1269.9,2074338.85,76.8,1646.3,,2026-09-05 07:12:52.793976
110,2,Kids Wear,2026-08-26,523.2,519.4,817512.56,31.1,583.9,,2026-09-05 07:12:52.793976
111,14,Footwear,2026-08-14,598.6,583.1,965404.32,48.8,647.7,,2026-09-05 07:12:52.793976
112,4,Footwear,2026-08-31,414.9,439.0,586719.89,19.5,611.7,,2026-09-05 07:12:52.793976
113,11,Footwear,2026-07-18,577.1,559.9,687330.21,44.7,665.2,,2026-09-05 07:12:52.793976
114,7,Women's Wear,2026-08-12,989.4,909.1,1462814.83,44.5,1047.8,,2026-09-05 07:12:52.793976
115,14,Kids Wear,2026-07-27,592.4,603.6,891330.05,31.8,710.2,,2026-09-05 07:12:52.793976
116,15,Accessories,2026-09-04,277.1,273.9,418507.94,12.0,379.0,,2026-09-05 07:12:52.793976
117,5,Footwear,2026-07-29,741.5,717.3,1290870.4,59.3,812.0,,2026-09-05 07:12:52.793976
118,10,Men's Wear,2026-08-11,718.9,725.4,998976.23,64.5,941.2,,2026-09-05 07:12:52.793976
119,1,Casual Wear,2026-08-18,1368.9,1487.6,2450230.86,121.5,2039.3,,2026-09-05 07:12:52.793976
120,13,Women's Wear,2026-07-17,695.6,685.5,1084440.93,48.7,893.4,,2026-09-05 07:12:52.793976
121,13,Footwear,2026-07-20,369.2,386.2,472575.0,30.7,428.7,,2026-09-05 07:12:52.793976
122,12,Women's Wear,2026-08-12,818.9,845.3,1393467.35,41.2,963.3,,2026-09-05 07:12:52.793976
123,15,Men's Wear,2026-08-01,635.0,644.5,1092307.55,41.3,864.9,,2026-09-05 07:12:52.793976
124,14,Men's Wear,2026-07-19,1001.3,974.3,1213178.5,75.7,1137.7,,2026-09-05 07:12:52.793976
125,12,Footwear,2026-07-23,563.3,570.5,955250.44,23.2,719.4,,2026-09-05 07:12:52.793976
126,6,Footwear,2026-08-06,493.2,475.5,679306.57,34.2,576.0,,2026-09-05 07:12:52.793976
127,4,Kids Wear,2026-07-23,325.4,298.6,397980.15,12.9,402.3,,2026-09-05 07:12:52.793976
128,5,Footwear,2026-07-22,616.9,596.3,1054113.45,32.9,744.1,,2026-09-05 07:12:52.793976
129,4,Casual Wear,2026-08-29,718.6,695.9,1230062.02,42.4,920.5,,2026-09-05 07:12:52.793976
130,15,Kids Wear,2026-08-26,416.9,392.8,616456.91,34.2,465.0,,2026-09-05 07:12:52.793976
131,6,Women's Wear,2026-07-22,864.9,874.6,1409337.58,58.8,1218.6,,2026-09-05 07:12:52.793976
132,1,Kids Wear,2026-08-13,574.0,565.7,1000953.24,45.9,637.8,,2026-09-05 07:12:52.793976
133,11,Footwear,2026-08-22,527.5,616.6,948791.27,26.8,819.8,,2026-09-05 07:12:52.793976
134,10,Women's Wear,2026-08-22,873.2,891.3,1483676.83,70.8,1139.8,,2026-09-05 07:12:52.793976
135,14,Women's Wear,2026-08-18,1183.6,1190.5,2047503.73,55.5,1437.5,,2026-09-05 07:12:52.793976
136,4,Casual Wear,2026-07-16,761.7,747.7,920747.25,57.6,940.5,,2026-09-05 07:12:52.793976
137,2,Kids Wear,2026-07-19,454.3,437.7,583423.4,31.0,577.0,,2026-09-05 07:12:52.793976
138,11,Casual Wear,2026-07-11,990.5,966.4,1177742.39,86.9,1308.7,,2026-09-05 07:12:52.793976
139,11,Traditional Wear,2026-08-08,1136.5,1153.2,1804733.15,49.9,1363.7,,2026-09-05 07:12:52.793976
140,10,Casual Wear,2026-07-26,897.1,903.7,1408357.81,49.5,1131.1,,2026-09-05 07:12:52.793976
141,2,Accessories,2026-08-08,367.1,352.4,575294.39,17.9,435.4,,2026-09-05 07:12:52.793976
142,7,Men's Wear,2026-08-21,1048.9,990.6,1622372.49,55.1,1182.5,,2026-09-05 07:12:52.793976
143,6,Women's Wear,2026-08-19,929.8,943.0,1375955.73,72.8,1142.7,,2026-09-05 07:12:52.793976
144,9,Traditional Wear,2026-08-27,1333.8,1346.0,1881422.09,62.1,1623.4,,2026-09-05 07:12:52.793976
145,13,Kids Wear,2026-07-24,427.6,450.3,635367.77,31.0,524.1,,2026-09-05 07:12:52.793976
146,8,Women's Wear,2026-07-24,1443.7,1428.3,2190668.39,65.3,1690.5,,2026-09-05 07:12:52.793976
147,13,Kids Wear,2026-08-21,423.9,433.6,687524.61,17.9,597.8,,2026-09-05 07:12:52.793976
148,12,Men's Wear,2026-07-13,688.2,653.7,1083472.26,56.3,787.9,,2026-09-05 07:12:52.793976
149,14,Women's Wear,2026-08-24,1052.0,1089.4,1327318.71,84.2,1268.6,,2026-09-05 07:12:52.793976
150,8,Men's Wear,2026-08-09,1012.3,1056.9,1473984.17,92.0,1351.6,,2026-09-05 07:12:52.793976
151,1,Women's Wear,2026-07-10,1047.4,1032.0,1648272.44,66.3,1272.1,,2026-09-05 07:12:52.793976
152,4,Accessories,2026-08-18,299.6,291.1,368688.01,21.5,372.0,,2026-09-05 07:12:52.793976
153,11,Men's Wear,2026-08-02,733.6,730.6,1008850.19,36.9,833.7,,2026-09-05 07:12:52.793976
154,5,Men's Wear,2026-08-19,945.0,942.3,1374243.73,43.8,1187.1,,2026-09-05 07:12:52.793976
155,9,Casual Wear,2026-08-21,1309.7,1403.4,1719700.2,57.5,1931.6,,2026-09-05 07:12:52.793976
156,6,Casual Wear,2026-07-11,914.5,946.3,1499019.64,51.6,1155.9,,2026-09-05 07:12:52.793976
157,3,Accessories,2026-08-15,464.0,457.5,668877.38,20.7,563.0,,2026-09-05 07:12:52.793976
158,9,Traditional Wear,2026-08-10,1255.6,1211.4,1700451.83,68.6,1393.6,,2026-09-05 07:12:52.793976
159,11,Traditional Wear,2026-08-03,1151.0,1158.0,2055373.58,83.7,1325.1,,2026-09-05 07:12:52.793976
160,3,Men's Wear,2026-08-29,768.4,740.2,1225866.82,53.9,853.6,,2026-09-05 07:12:52.793976
161,11,Kids Wear,2026-07-17,531.3,503.1,869975.06,36.3,702.3,,2026-09-05 07:12:52.793976
162,14,Footwear,2026-08-15,496.8,482.4,714604.52,34.5,645.9,,2026-09-05 07:12:52.793976
163,1,Men's Wear,2026-07-29,1029.7,1016.2,1726542.07,44.5,1381.3,,2026-09-05 07:12:52.793976
164,2,Casual Wear,2026-07-12,928.5,932.3,1443384.66,81.8,1232.2,,2026-09-05 07:12:52.793976
165,8,Accessories,2026-09-02,531.6,511.8,908257.38,32.0,687.5,,2026-09-05 07:12:52.793976
166,6,Footwear,2026-07-13,386.8,375.6,459541.07,28.3,524.8,,2026-09-05 07:12:52.793976
167,9,Casual Wear,2026-08-02,1079.2,1070.1,1501372.01,74.8,1430.5,,2026-09-05 07:12:52.793976
168,6,Traditional Wear,2026-07-25,958.8,997.3,1428072.29,52.5,1351.8,,2026-09-05 07:12:52.793976
169,14,Women's Wear,2026-07-28,979.2,1002.1,1784357.2,75.1,1220.1,,2026-09-05 07:12:52.793976
170,12,Traditional Wear,2026-07-28,1011.9,1041.1,1743839.56,84.0,1354.5,,2026-09-05 07:12:52.793976
171,12,Footwear,2026-07-13,551.8,539.2,652937.94,29.9,747.0,,2026-09-05 07:12:52.793976
172,13,Kids Wear,2026-08-14,317.2,303.9,392932.7,16.7,406.1,,2026-09-05 07:12:52.793976
173,13,Casual Wear,2026-08-03,783.0,810.6,1345421.37,37.7,983.3,,2026-09-05 07:12:52.793976
174,3,Accessories,2026-08-25,418.8,422.4,735649.13,32.1,470.2,,2026-09-05 07:12:52.793976
175,11,Footwear,2026-08-12,462.8,456.1,670173.63,30.4,544.1,,2026-09-05 07:12:52.793976
176,13,Kids Wear,2026-07-15,433.5,461.6,741783.86,31.6,568.8,,2026-09-05 07:12:52.793976
177,5,Accessories,2026-07-17,460.9,494.1,830461.31,23.2,580.6,,2026-09-05 07:12:52.793976
178,8,Accessories,2026-07-25,484.0,476.5,775189.54,31.4,542.0,,2026-09-05 07:12:52.793976
179,13,Women's Wear,2026-08-30,627.4,643.6,1137786.95,32.9,795.1,,2026-09-05 07:12:52.793976
180,15,Traditional Wear,2026-08-13,801.2,828.7,1180381.13,49.1,931.9,,2026-09-05 07:12:52.793976
181,1,Men's Wear,2026-08-21,1179.7,1130.6,1450062.06,61.4,1525.1,,2026-09-05 07:12:52.793976
182,14,Women's Wear,2026-07-22,1112.1,1048.4,1645158.67,89.4,1159.2,,2026-09-05 07:12:52.793976
183,14,Women's Wear,2026-08-22,1046.5,1026.5,1409241.76,56.5,1143.9,,2026-09-05 07:12:52.793976
184,11,Accessories,2026-08-09,412.1,482.8,724150.53,32.3,622.6,,2026-09-05 07:12:52.793976
185,4,Footwear,2026-07-30,340.6,333.0,482830.21,24.4,374.9,,2026-09-05 07:12:52.793976
186,2,Casual Wear,2026-08-12,915.6,897.7,1350655.68,36.8,1222.7,,2026-09-05 07:12:52.793976
187,11,Kids Wear,2026-09-02,655.4,701.4,986786.68,53.8,903.7,,2026-09-05 07:12:52.793976
188,10,Footwear,2026-07-17,448.1,451.3,636955.54,25.7,583.5,,2026-09-05 07:12:52.793976
189,13,Footwear,2026-07-13,342.7,325.8,403294.89,25.7,403.1,,2026-09-05 07:12:52.793976
190,4,Traditional Wear,2026-08-17,950.9,899.7,1250004.94,49.9,1097.2,,2026-09-05 07:12:52.793976
191,9,Kids Wear,2026-07-14,547.6,555.0,926020.24,46.2,665.8,,2026-09-05 07:12:52.793976
192,13,Men's Wear,2026-08-28,579.2,599.5,877573.27,52.7,720.4,,2026-09-05 07:12:52.793976
193,8,Footwear,2026-08-24,672.3,624.3,1021510.12,27.4,799.6,,2026-09-05 07:12:52.793976
194,3,Casual Wear,2026-07-14,974.4,965.9,1349122.7,52.9,1191.7,,2026-09-05 07:12:52.793976
195,7,Women's Wear,2026-07-21,1134.2,1222.6,1725743.41,109.9,1445.6,,2026-09-05 07:12:52.793976
196,1,Traditional Wear,2026-07-16,1418.6,1448.7,2184424.63,112.3,1663.1,,2026-09-05 07:12:52.793976
197,3,Accessories,2026-09-03,403.7,409.6,682847.94,23.9,497.6,,2026-09-05 07:12:52.793976
198,1,Casual Wear,2026-07-30,1116.8,1120.4,1593857.18,69.7,1258.3,,2026-09-05 07:12:52.793976
199,9,Men's Wear,2026-08-27,956.0,956.0,1569183.1,62.1,1162.6,,2026-09-05 07:12:52.793976
200,2,Men's Wear,2026-07-31,820.2,836.3,1111227.15,59.0,1094.0,,2026-09-05 07:12:52.793976
201,4,Traditional Wear,2026-08-04,770.7,803.2,1354442.53,71.0,1121.2,,2026-09-05 07:12:52.793976
202,6,Footwear,2026-07-24,383.7,332.4,576647.19,27.4,436.6,,2026-09-05 07:12:52.793976
203,11,Women's Wear,2026-07-22,1078.1,1099.0,1410375.41,87.4,1217.6,,2026-09-05 07:12:52.793976
204,10,Men's Wear,2026-07-31,693.0,705.8,901915.52,59.4,790.3,,2026-09-05 07:12:52.793976
205,12,Footwear,2026-08-10,478.0,456.9,582637.08,25.5,512.8,,2026-09-05 07:12:52.793976
206,11,Casual Wear,2026-08-06,1003.4,1031.7,1721038.36,74.3,1191.2,,2026-09-05 07:12:52.793976
207,7,Casual Wear,2026-08-27,1271.0,1376.9,1918842.95,103.9,1657.5,,2026-09-05 07:12:52.793976
208,15,Men's Wear,2026-08-02,703.3,717.1,1133759.66,48.4,815.7,,2026-09-05 07:12:52.793976
209,10,Casual Wear,2026-08-16,747.6,714.6,930923.98,50.9,979.4,,2026-09-05 07:12:52.793976
210,14,Casual Wear,2026-08-14,950.4,923.1,1152706.09,80.7,1228.9,,2026-09-05 07:12:52.793976
211,11,Women's Wear,2026-08-19,1070.1,1037.8,1635882.49,56.5,1439.4,,2026-09-05 07:12:52.793976
212,4,Accessories,2026-08-05,340.2,328.0,482857.49,24.4,376.4,,2026-09-05 07:12:52.793976
213,8,Kids Wear,2026-08-09,618.8,603.7,990381.84,50.1,840.7,,2026-09-05 07:12:52.793976
214,13,Men's Wear,2026-08-27,595.1,630.1,847511.42,29.1,778.1,,2026-09-05 07:12:52.793976
215,2,Traditional Wear,2026-08-26,916.6,895.9,1540217.39,43.0,1073.5,,2026-09-05 07:12:52.793976
216,12,Men's Wear,2026-07-30,733.8,719.1,1292640.96,45.5,980.7,,2026-09-05 07:12:52.793976
217,1,Traditional Wear,2026-08-04,1535.1,1576.9,2226168.16,67.1,1968.7,,2026-09-05 07:12:52.793976
218,14,Footwear,2026-07-10,563.6,560.3,675109.08,25.4,638.8,,2026-09-05 07:12:52.793976
219,12,Men's Wear,2026-08-19,896.4,858.6,1130598.63,58.1,963.4,,2026-09-05 07:12:52.793976
220,8,Accessories,2026-08-03,526.4,542.4,853707.74,38.3,617.6,,2026-09-05 07:12:52.793976
221,7,Men's Wear,2026-08-29,1038.3,1102.9,1455204.56,72.2,1378.7,,2026-09-05 07:12:52.793976
222,1,Women's Wear,2026-09-02,1244.4,1213.2,1833872.67,57.6,1659.6,,2026-09-05 07:12:52.793976
223,6,Casual Wear,2026-08-27,884.9,834.3,1298366.69,54.5,1045.3,,2026-09-05 07:12:52.793976
224,12,Casual Wear,2026-08-04,934.9,886.8,1260155.82,65.3,1236.2,,2026-09-05 07:12:52.793976
225,5,Accessories,2026-07-29,577.2,555.8,755509.09,40.5,773.5,,2026-09-05 07:12:52.793976
226,10,Women's Wear,2026-07-29,851.0,817.7,1064896.63,58.4,1051.5,,2026-09-05 07:12:52.793976
227,7,Women's Wear,2026-07-13,1177.0,1111.4,1460902.62,69.0,1362.2,,2026-09-05 07:12:52.793976
228,12,Women's Wear,2026-08-09,909.6,884.7,1550270.93,74.0,1168.5,,2026-09-05 07:12:52.793976
229,12,Women's Wear,2026-09-01,940.3,983.2,1402136.47,86.4,1217.1,,2026-09-05 07:12:52.793976
230,6,Casual Wear,2026-08-01,894.5,894.0,1459503.93,64.5,1169.3,,2026-09-05 07:12:52.793976
231,8,Women's Wear,2026-07-27,1487.3,1444.8,2585261.81,113.5,1894.8,,2026-09-05 07:12:52.793976
232,12,Kids Wear,2026-07-22,468.5,511.1,899648.56,40.8,604.1,,2026-09-05 07:12:52.793976
233,10,Footwear,2026-08-28,417.1,405.0,673854.63,19.2,450.6,,2026-09-05 07:12:52.793976
234,2,Men's Wear,2026-07-21,858.7,878.1,1447462.76,44.5,1184.0,,2026-09-05 07:12:52.793976
235,15,Casual Wear,2026-08-18,800.8,769.0,1034670.14,56.5,968.4,,2026-09-05 07:12:52.793976
236,4,Traditional Wear,2026-07-26,760.9,734.0,1088846.68,54.4,837.7,,2026-09-05 07:12:52.793976
237,15,Women's Wear,2026-07-31,694.8,717.7,947129.73,63.3,858.6,,2026-09-05 07:12:52.793976
238,1,Accessories,2026-07-25,373.2,397.6,614085.25,26.5,523.6,14.0,2026-09-05 07:12:52.793976
239,15,Women's Wear,2026-09-02,697.2,704.1,1198182.4,55.9,813.9,,2026-09-05 07:12:52.793976
240,14,Men's Wear,2026-07-19,1024.0,1157.3,1463267.45,103.2,1371.8,,2026-09-05 07:12:52.793976
241,9,Casual Wear,2026-07-25,1193.8,1225.6,1612505.79,55.9,1407.9,,2026-09-05 07:12:52.793976
242,11,Men's Wear,2026-08-06,935.6,992.4,1366549.24,73.2,1149.1,,2026-09-05 07:12:52.793976
243,14,Footwear,2026-07-27,605.7,595.4,953564.96,29.3,680.1,,2026-09-05 07:12:52.793976
244,15,Women's Wear,2026-08-15,608.1,607.1,891247.88,32.4,727.8,,2026-09-05 07:12:52.793976
245,12,Casual Wear,2026-07-29,853.2,848.9,1078896.64,47.0,1037.0,,2026-09-05 07:12:52.793976
246,15,Footwear,2026-08-03,403.4,398.0,630124.26,34.6,481.7,,2026-09-05 07:12:52.793976
247,4,Women's Wear,2026-08-21,751.3,780.3,1264994.61,66.8,1035.6,,2026-09-05 07:12:52.793976
248,11,Accessories,2026-07-15,339.3,338.4,559322.32,28.3,380.6,,2026-09-05 07:12:52.793976
249,9,Footwear,2026-08-07,552.5,584.1,1017346.18,29.3,736.5,,2026-09-05 07:12:52.793976
250,6,Accessories,2026-08-25,349.9,366.9,485497.08,25.4,413.6,,2026-09-05 07:12:52.793976
251,8,Accessories,2026-08-03,409.0,390.8,599986.77,28.8,466.0,,2026-09-05 07:12:52.793976
252,7,Men's Wear,2026-09-03,1045.3,1072.6,1659298.0,45.3,1290.7,,2026-09-05 07:12:52.793976
253,9,Traditional Wear,2026-08-31,1476.5,1827.8,3036676.28,143.1,2547.0,,2026-09-05 07:12:52.793976
254,7,Men's Wear,2026-07-25,1102.7,1111.7,1914094.12,94.9,1348.2,,2026-09-05 07:12:52.793976
255,11,Accessories,2026-07-23,397.1,391.4,595849.78,26.0,516.0,,2026-09-05 07:12:52.793976
256,14,Traditional Wear,2026-08-21,1283.6,1309.9,1935773.29,99.5,1607.6,,2026-09-05 07:12:52.793976
257,14,Women's Wear,2026-08-11,952.3,937.9,1533479.98,42.8,1259.5,,2026-09-05 07:12:52.793976
258,10,Accessories,2026-08-09,377.4,412.5,554564.91,17.9,527.3,,2026-09-05 07:12:52.793976
259,10,Footwear,2026-08-07,440.3,499.0,663850.4,41.5,557.3,,2026-09-05 07:12:52.793976
260,5,Women's Wear,2026-08-03,1355.9,1378.7,1918243.52,96.4,1794.7,,2026-09-05 07:12:52.793976
261,4,Men's Wear,2026-08-15,750.8,720.0,982866.49,48.8,919.8,,2026-09-05 07:12:52.793976
262,15,Women's Wear,2026-07-19,742.3,738.2,1105360.36,65.4,1020.5,,2026-09-05 07:12:52.793976
263,7,Accessories,2026-07-24,427.3,415.2,544047.93,27.8,486.7,,2026-09-05 07:12:52.793976
264,5,Accessories,2026-08-21,534.2,544.0,951371.52,37.1,756.3,,2026-09-05 07:12:52.793976
265,9,Women's Wear,2026-07-31,1089.4,1080.9,1588784.75,63.3,1362.7,,2026-09-05 07:12:52.793976
266,4,Traditional Wear,2026-07-13,807.2,818.7,1278607.37,68.5,946.8,,2026-09-05 07:12:52.793976
267,10,Footwear,2026-07-18,435.7,445.4,615503.97,38.1,518.2,,2026-09-05 07:12:52.793976
268,12,Traditional Wear,2026-08-23,1160.6,1258.4,2200519.76,94.1,1649.9,,2026-09-05 07:12:52.793976
269,15,Women's Wear,2026-08-10,726.3,700.0,990889.01,37.2,877.7,,2026-09-05 07:12:52.793976
270,8,Traditional Wear,2026-08-04,1648.0,1703.5,2822660.97,95.4,1977.7,,2026-09-05 07:12:52.793976
271,7,Traditional Wear,2026-08-15,1259.4,1283.2,2259529.07,88.5,1572.3,,2026-09-05 07:12:52.793976
272,4,Men's Wear,2026-08-26,602.7,617.6,832177.71,41.7,854.2,,2026-09-05 07:12:52.793976
273,5,Accessories,2026-08-14,559.9,543.5,707060.99,43.3,625.4,,2026-09-05 07:12:52.793976
274,9,Kids Wear,2026-07-20,528.6,509.5,914141.91,44.8,640.5,,2026-09-05 07:12:52.793976
275,14,Traditional Wear,2026-07-13,1354.4,1359.4,2318493.17,70.1,1783.7,,2026-09-05 07:12:52.793976
276,4,Casual Wear,2026-09-04,792.0,870.1,1531673.78,74.5,1129.2,,2026-09-05 07:12:52.793976
277,1,Casual Wear,2026-09-03,1257.9,1396.5,1690163.78,112.6,1818.5,,2026-09-05 07:12:52.793976
278,15,Women's Wear,2026-07-15,629.9,698.5,900602.94,34.6,878.7,,2026-09-05 07:12:52.793976
279,6,Men's Wear,2026-07-14,852.0,987.8,1598598.02,54.3,1332.0,,2026-09-05 07:12:52.793976
280,11,Accessories,2026-08-30,417.0,466.7,665655.02,29.8,602.5,,2026-09-05 07:12:52.793976
281,3,Traditional Wear,2026-07-22,1124.1,1346.6,2073109.52,111.6,1519.8,14.0,2026-09-05 07:12:52.793976
282,15,Traditional Wear,2026-08-02,753.1,774.4,1250944.56,52.9,914.8,,2026-09-05 07:12:52.793976
283,11,Men's Wear,2026-08-31,989.8,1078.9,1498258.52,95.0,1376.8,,2026-09-05 07:12:52.793976
284,14,Footwear,2026-07-18,591.4,602.6,831326.55,41.1,765.3,,2026-09-05 07:12:52.793976
285,7,Footwear,2026-07-12,629.8,630.3,1130182.59,48.0,788.0,,2026-09-05 07:12:52.793976
286,1,Traditional Wear,2026-08-13,1319.1,1290.1,1811759.22,101.2,1788.7,,2026-09-05 07:12:52.793976
287,13,Men's Wear,2026-08-10,496.0,519.0,733599.61,45.2,638.1,,2026-09-05 07:12:52.793976
288,10,Footwear,2026-07-23,393.4,392.5,540561.87,20.5,440.4,,2026-09-05 07:12:52.793976
289,3,Kids Wear,2026-08-18,582.6,581.3,734722.83,23.4,693.2,,2026-09-05 07:12:52.793976
290,13,Men's Wear,2026-08-12,510.9,493.1,719229.6,33.5,618.2,,2026-09-05 07:12:52.793976
291,1,Traditional Wear,2026-08-29,1283.7,1246.6,1784062.55,68.1,1516.3,,2026-09-05 07:12:52.793976
292,12,Casual Wear,2026-08-30,1106.5,1083.9,1672648.75,52.5,1316.1,,2026-09-05 07:12:52.793976
293,5,Men's Wear,2026-08-27,1000.7,1016.7,1402894.87,80.5,1228.5,,2026-09-05 07:12:52.793976
294,12,Footwear,2026-08-20,481.0,494.4,729100.07,23.1,544.8,,2026-09-05 07:12:52.793976
295,6,Accessories,2026-08-10,365.9,359.6,607466.99,29.8,500.7,,2026-09-05 07:12:52.793976
296,5,Men's Wear,2026-08-27,1126.2,1161.9,1728216.85,56.8,1416.9,,2026-09-05 07:12:52.793976
297,5,Footwear,2026-08-15,681.4,663.4,945765.05,53.6,807.9,,2026-09-05 07:12:52.793976
298,15,Casual Wear,2026-08-28,693.3,683.8,894380.54,53.6,757.7,,2026-09-05 07:12:52.793976
299,8,Footwear,2026-07-20,604.0,608.5,1039727.37,48.5,792.2,,2026-09-05 07:12:52.793976
300,11,Men's Wear,2026-08-27,792.6,782.1,1274151.83,62.1,877.7,,2026-09-05 07:12:52.793976
301,8,Casual Wear,2026-07-28,1346.2,1418.7,2165201.67,112.8,1713.6,,2026-09-05 07:12:52.793976
302,13,Casual Wear,2026-07-09,733.7,712.1,901249.18,37.3,925.3,,2026-09-05 07:12:52.793976
303,11,Casual Wear,2026-08-25,913.3,897.1,1481659.03,79.2,1102.7,,2026-09-05 07:12:52.793976
304,2,Men's Wear,2026-09-04,677.4,652.8,1001914.86,48.6,761.4,,2026-09-05 07:12:52.793976
305,7,Kids Wear,2026-08-12,655.8,631.7,767349.74,28.6,773.7,,2026-09-05 07:12:52.793976
306,2,Accessories,2026-08-30,404.1,404.1,560540.93,25.4,469.6,,2026-09-05 07:12:52.793976
307,6,Kids Wear,2026-08-05,394.2,388.6,476738.3,29.4,430.1,,2026-09-05 07:12:52.793976
308,11,Traditional Wear,2026-08-14,1203.8,1209.1,2164700.44,63.1,1393.3,,2026-09-05 07:12:52.793976
309,6,Casual Wear,2026-08-25,913.7,928.9,1218560.89,67.7,1132.0,,2026-09-05 07:12:52.793976
310,10,Women's Wear,2026-07-19,785.3,743.0,893583.83,37.7,879.3,,2026-09-05 07:12:52.793976
311,13,Accessories,2026-07-21,211.8,215.6,300889.41,13.6,254.1,,2026-09-05 07:12:52.793976
312,8,Casual Wear,2026-07-11,1569.8,1540.7,2208105.91,91.9,1747.6,,2026-09-05 07:12:52.793976
313,14,Kids Wear,2026-08-13,591.8,586.4,919880.23,25.9,668.6,,2026-09-05 07:12:52.793976
314,4,Men's Wear,2026-08-28,576.8,558.1,717055.32,33.2,713.8,,2026-09-05 07:12:52.793976
315,7,Kids Wear,2026-07-30,503.3,493.2,887730.28,33.4,615.0,,2026-09-05 07:12:52.793976
316,3,Men's Wear,2026-08-27,959.1,907.3,1559932.99,79.5,1129.9,,2026-09-05 07:12:52.793976
317,14,Kids Wear,2026-08-23,678.5,637.3,923688.77,52.3,794.5,,2026-09-05 07:12:52.793976
318,10,Traditional Wear,2026-08-30,1004.1,1006.0,1226934.75,51.5,1193.7,,2026-09-05 07:12:52.793976
319,8,Casual Wear,2026-07-17,1481.4,1453.8,1844180.18,114.5,1958.2,,2026-09-05 07:12:52.793976
320,9,Accessories,2026-08-12,496.8,493.8,723328.09,25.1,606.2,,2026-09-05 07:12:52.793976
321,14,Footwear,2026-07-19,578.4,603.7,850701.55,48.8,743.6,,2026-09-05 07:12:52.793976
322,13,Accessories,2026-08-28,233.2,233.2,362102.31,13.4,306.2,,2026-09-05 07:12:52.793976
323,7,Women's Wear,2026-07-26,1110.2,1141.4,1760089.71,76.0,1459.9,,2026-09-05 07:12:52.793976
324,6,Footwear,2026-08-25,420.2,392.2,694758.14,25.8,537.3,,2026-09-05 07:12:52.793976
325,2,Women's Wear,2026-07-14,972.0,1078.1,1854578.4,50.0,1466.0,,2026-09-05 07:12:52.793976
326,3,Footwear,2026-08-20,471.3,442.5,754964.03,26.4,505.6,,2026-09-05 07:12:52.793976
327,5,Footwear,2026-07-26,618.2,584.2,733671.58,38.4,691.4,,2026-09-05 07:12:52.793976
328,6,Kids Wear,2026-07-10,576.1,540.8,649762.47,42.6,713.8,,2026-09-05 07:12:52.793976
329,8,Footwear,2026-07-20,711.9,744.4,990571.56,45.8,866.2,,2026-09-05 07:12:52.793976
330,6,Accessories,2026-08-18,312.0,318.0,406517.38,26.3,425.0,,2026-09-05 07:12:52.793976
331,11,Accessories,2026-07-09,308.7,311.6,397147.38,25.8,384.0,,2026-09-05 07:12:52.793976
332,7,Women's Wear,2026-09-04,1233.6,1180.1,2040733.55,65.0,1607.7,,2026-09-05 07:12:52.793976
333,5,Traditional Wear,2026-07-10,1494.6,1405.0,1825537.64,84.0,1674.3,,2026-09-05 07:12:52.793976
334,13,Women's Wear,2026-07-22,659.3,700.4,880479.99,35.5,786.8,,2026-09-05 07:12:52.793976
335,4,Casual Wear,2026-07-29,843.3,1020.9,1483764.18,47.6,1144.7,,2026-09-05 07:12:52.793976
336,2,Footwear,2026-08-11,486.6,433.7,616086.9,23.8,526.9,,2026-09-05 07:12:52.793976
337,13,Accessories,2026-07-14,220.5,227.3,273915.79,16.5,280.0,,2026-09-05 07:12:52.793976
338,4,Footwear,2026-07-20,423.7,440.0,690644.07,27.3,512.7,,2026-09-05 07:12:52.793976
339,2,Women's Wear,2026-07-09,917.7,847.3,1176647.37,39.8,1002.4,,2026-09-05 07:12:52.793976
340,4,Casual Wear,2026-08-30,825.2,881.7,1208768.81,76.8,977.0,,2026-09-05 07:12:52.793976
341,11,Men's Wear,2026-07-12,781.6,793.3,1259523.89,62.8,1061.5,,2026-09-05 07:12:52.793976
342,8,Kids Wear,2026-08-20,589.9,611.7,952024.1,40.6,852.3,,2026-09-05 07:12:52.793976
343,15,Men's Wear,2026-08-12,548.6,529.6,852531.67,41.4,734.2,,2026-09-05 07:12:52.793976
344,2,Traditional Wear,2026-07-17,1008.7,1074.4,1884011.51,93.9,1310.1,,2026-09-05 07:12:52.793976
345,11,Footwear,2026-08-17,510.2,507.7,772688.37,35.9,600.7,,2026-09-05 07:12:52.793976
346,2,Casual Wear,2026-08-16,1012.9,996.9,1289217.28,56.2,1272.0,,2026-09-05 07:12:52.793976
347,14,Footwear,2026-07-18,565.2,646.3,798014.77,28.6,795.2,,2026-09-05 07:12:52.793976
348,10,Casual Wear,2026-08-06,738.3,681.6,1087037.09,33.3,752.3,,2026-09-05 07:12:52.793976
349,12,Traditional Wear,2026-08-27,962.4,895.8,1462357.05,43.3,1019.5,,2026-09-05 07:12:52.793976
350,14,Men's Wear,2026-07-17,979.0,969.1,1686174.36,55.0,1190.8,,2026-09-05 07:12:52.793976
351,2,Men's Wear,2026-08-02,804.0,835.4,1182988.5,54.3,1061.0,,2026-09-05 07:12:52.793976
352,3,Men's Wear,2026-08-12,938.8,958.1,1537244.87,43.8,1266.8,,2026-09-05 07:12:52.793976
353,1,Accessories,2026-09-04,537.5,516.7,666569.25,44.7,701.3,,2026-09-05 07:12:52.793976
354,13,Footwear,2026-07-31,376.6,379.2,528256.39,23.1,499.1,,2026-09-05 07:12:52.793976
355,14,Traditional Wear,2026-08-18,1214.3,1206.9,1609897.23,79.4,1344.2,,2026-09-05 07:12:52.793976
356,2,Kids Wear,2026-08-10,540.6,534.3,740763.49,23.7,660.9,,2026-09-05 07:12:52.793976
357,4,Men's Wear,2026-08-12,679.2,657.4,1022266.57,42.5,875.5,,2026-09-05 07:12:52.793976
358,12,Casual Wear,2026-08-23,1065.5,1032.3,1242710.33,62.5,1207.7,,2026-09-05 07:12:52.793976
359,11,Accessories,2026-08-13,424.8,468.4,769510.75,25.9,544.1,,2026-09-05 07:12:52.793976
360,7,Kids Wear,2026-08-20,704.9,677.5,870874.82,36.6,754.2,,2026-09-05 07:12:52.793976
361,15,Accessories,2026-08-21,284.2,262.8,328747.41,11.8,299.6,,2026-09-05 07:12:52.793976
362,7,Traditional Wear,2026-07-14,1270.8,1574.3,2012624.43,85.9,2133.6,,2026-09-05 07:12:52.793976
363,7,Footwear,2026-07-15,617.2,600.0,1059679.69,28.1,798.6,,2026-09-05 07:12:52.793976
364,3,Traditional Wear,2026-08-29,1005.0,1013.6,1463544.67,67.7,1408.3,,2026-09-05 07:12:52.793976
365,8,Men's Wear,2026-08-22,1133.4,1202.8,1662905.87,90.5,1540.8,,2026-09-05 07:12:52.793976
366,14,Accessories,2026-08-22,374.0,388.6,524194.69,22.5,487.3,,2026-09-05 07:12:52.793976
367,5,Men's Wear,2026-07-23,1207.5,1298.1,1990730.15,87.6,1464.8,,2026-09-05 07:12:52.793976
368,13,Accessories,2026-08-29,221.3,253.9,454364.29,11.8,342.0,,2026-09-05 07:12:52.793976
369,11,Footwear,2026-08-12,588.8,543.7,676902.32,48.9,630.3,,2026-09-05 07:12:52.793976
370,8,Accessories,2026-07-25,426.4,406.8,690589.26,23.0,452.7,,2026-09-05 07:12:52.793976
371,1,Women's Wear,2026-08-06,1319.0,1309.1,1871538.66,80.3,1579.0,,2026-09-05 07:12:52.793976
372,5,Men's Wear,2026-08-24,1067.3,1018.0,1596696.3,72.1,1317.5,,2026-09-05 07:12:52.793976
373,7,Casual Wear,2026-08-04,1130.7,1095.7,1737332.62,87.5,1287.2,,2026-09-05 07:12:52.793976
374,9,Accessories,2026-07-15,345.7,355.4,578599.16,22.7,474.3,,2026-09-05 07:12:52.793976
375,15,Casual Wear,2026-08-13,758.9,770.3,1025586.75,65.3,1027.2,,2026-09-05 07:12:52.793976
376,13,Kids Wear,2026-09-01,372.3,384.1,691289.14,34.1,434.0,,2026-09-05 07:12:52.793976
377,4,Men's Wear,2026-07-24,672.3,668.6,1182540.44,46.0,932.6,,2026-09-05 07:12:52.793976
378,6,Accessories,2026-08-11,425.3,396.5,532075.51,22.2,523.9,,2026-09-05 07:12:52.793976
379,15,Casual Wear,2026-08-13,656.1,688.1,1058205.14,34.0,960.9,,2026-09-05 07:12:52.793976
380,8,Casual Wear,2026-07-10,1309.8,1288.0,1615350.9,66.5,1501.3,,2026-09-05 07:12:52.793976
381,8,Traditional Wear,2026-08-02,1424.2,1442.3,1884330.22,115.6,1962.2,,2026-09-05 07:12:52.793976
382,1,Women's Wear,2026-09-01,1199.4,1158.3,1928129.23,95.4,1573.2,,2026-09-05 07:12:52.793976
383,6,Footwear,2026-08-31,524.0,538.3,690031.16,25.8,745.3,,2026-09-05 07:12:52.793976
384,11,Kids Wear,2026-07-16,575.8,587.4,1046303.75,43.9,809.8,,2026-09-05 07:12:52.793976
385,6,Women's Wear,2026-07-16,924.1,880.7,1212468.81,43.1,969.2,,2026-09-05 07:12:52.793976
386,10,Kids Wear,2026-07-22,502.8,525.4,809373.26,25.8,628.1,,2026-09-05 07:12:52.793976
387,10,Women's Wear,2026-07-15,831.2,801.4,999092.54,46.0,958.4,,2026-09-05 07:12:52.793976
388,15,Traditional Wear,2026-07-26,907.0,907.8,1486587.47,51.6,1001.7,,2026-09-05 07:12:52.793976
389,4,Footwear,2026-08-22,330.2,330.7,473417.64,25.3,459.9,,2026-09-05 07:12:52.793976
390,7,Kids Wear,2026-07-10,684.3,685.2,976552.89,55.8,915.9,,2026-09-05 07:12:52.793976
391,11,Accessories,2026-07-30,423.7,453.0,623756.16,25.3,627.6,,2026-09-05 07:12:52.793976
392,6,Women's Wear,2026-08-31,983.4,1017.4,1266664.48,88.6,1417.7,,2026-09-05 07:12:52.793976
393,10,Casual Wear,2026-08-14,940.9,891.1,1394028.44,55.0,994.5,,2026-09-05 07:12:52.793976
394,4,Women's Wear,2026-08-14,735.5,753.4,1322476.29,50.5,978.0,,2026-09-05 07:12:52.793976
395,4,Traditional Wear,2026-08-16,747.0,756.2,1071155.3,46.4,898.6,,2026-09-05 07:12:52.793976
396,11,Casual Wear,2026-07-24,1044.1,1023.7,1355554.66,73.6,1426.1,,2026-09-05 07:12:52.793976
397,14,Traditional Wear,2026-08-05,1115.6,1050.1,1317541.7,70.6,1213.4,,2026-09-05 07:12:52.793976
398,7,Men's Wear,2026-07-10,840.6,941.9,1279138.33,77.1,1195.5,,2026-09-05 07:12:52.793976
399,13,Footwear,2026-08-26,367.6,357.4,637038.1,24.8,452.5,,2026-09-05 07:12:52.793976
400,7,Accessories,2026-07-13,426.9,444.6,716802.24,38.6,565.4,,2026-09-05 07:12:52.793976
401,8,Men's Wear,2026-08-20,981.3,971.0,1689805.12,77.7,1265.5,,2026-09-05 07:12:52.793976
402,3,Traditional Wear,2026-07-27,1283.7,1567.5,2303321.87,137.1,1802.9,14.0,2026-09-05 07:12:52.793976
403,13,Women's Wear,2026-08-22,597.4,622.9,1120199.4,44.5,841.1,,2026-09-05 07:12:52.793976
404,6,Footwear,2026-08-19,519.6,574.0,825649.06,32.3,679.0,,2026-09-05 07:12:52.793976
405,15,Accessories,2026-08-06,218.3,205.3,260220.07,9.7,260.7,,2026-09-05 07:12:52.793976
406,13,Traditional Wear,2026-07-29,879.9,847.8,1068731.82,46.0,1068.8,,2026-09-05 07:12:52.793976
407,15,Kids Wear,2026-08-13,349.1,334.9,436481.81,20.1,430.5,,2026-09-05 07:12:52.793976
408,12,Kids Wear,2026-07-23,405.5,397.5,556061.34,20.6,526.2,,2026-09-05 07:12:52.793976
409,15,Men's Wear,2026-08-18,524.4,518.8,775591.23,38.8,586.0,,2026-09-05 07:12:52.793976
410,4,Women's Wear,2026-07-11,710.5,732.3,1218853.7,41.0,965.6,,2026-09-05 07:12:52.793976
411,11,Traditional Wear,2026-07-28,1027.7,1058.0,1751726.34,88.2,1424.4,,2026-09-05 07:12:52.793976
412,13,Women's Wear,2026-08-03,585.1,550.7,794126.52,43.5,692.4,,2026-09-05 07:12:52.793976
413,1,Women's Wear,2026-07-30,1059.9,1076.6,1586767.58,92.5,1411.8,,2026-09-05 07:12:52.793976
414,6,Accessories,2026-08-18,340.9,332.1,582451.64,24.6,389.4,,2026-09-05 07:12:52.793976
415,10,Kids Wear,2026-08-04,372.7,360.9,468487.24,30.6,478.1,,2026-09-05 07:12:52.793976
416,2,Men's Wear,2026-07-22,627.1,676.5,831953.36,55.9,902.4,14.0,2026-09-05 07:12:52.793976
417,14,Women's Wear,2026-08-22,1077.3,1072.0,1299297.68,84.7,1426.1,,2026-09-05 07:12:52.793976
418,8,Women's Wear,2026-09-04,1364.6,1420.2,1711452.11,74.7,1905.2,,2026-09-05 07:12:52.793976
419,12,Footwear,2026-08-16,505.9,492.5,665465.62,31.2,641.8,,2026-09-05 07:12:52.793976
420,10,Kids Wear,2026-07-14,451.3,555.6,988907.59,45.5,704.7,,2026-09-05 07:12:52.793976
421,10,Men's Wear,2026-07-28,652.1,723.8,1146757.49,60.1,852.9,,2026-09-05 07:12:52.793976
422,15,Footwear,2026-07-21,342.2,358.1,594189.83,30.4,480.4,,2026-09-05 07:12:52.793976
423,13,Casual Wear,2026-07-15,695.0,699.0,1047398.16,38.3,959.1,,2026-09-05 07:12:52.793976
424,7,Footwear,2026-08-10,461.9,465.1,717754.16,23.0,613.0,,2026-09-05 07:12:52.793976
425,11,Casual Wear,2026-08-21,1091.5,1129.8,1559256.07,54.8,1465.7,,2026-09-05 07:12:52.793976
426,3,Men's Wear,2026-07-31,738.9,728.8,987663.28,58.6,968.5,,2026-09-05 07:12:52.793976
427,11,Men's Wear,2026-08-24,916.3,928.7,1348735.72,78.3,1125.1,,2026-09-05 07:12:52.793976
428,5,Kids Wear,2026-07-29,780.4,842.7,1449305.82,58.3,1165.7,,2026-09-05 07:12:52.793976
429,8,Women's Wear,2026-08-31,1306.4,1274.0,1570124.97,105.4,1453.9,,2026-09-05 07:12:52.793976
430,6,Kids Wear,2026-08-23,583.9,597.2,1070176.16,28.2,811.4,,2026-09-05 07:12:52.793976
431,13,Traditional Wear,2026-08-24,772.8,792.3,953000.7,42.5,1052.5,,2026-09-05 07:12:52.793976
432,10,Accessories,2026-08-25,264.6,278.1,463829.49,12.9,342.1,,2026-09-05 07:12:52.793976
433,7,Kids Wear,2026-08-08,706.0,724.3,1031302.41,29.5,866.7,,2026-09-05 07:12:52.793976
434,9,Women's Wear,2026-07-13,962.8,1123.9,1501260.02,94.2,1341.5,,2026-09-05 07:12:52.793976
435,7,Casual Wear,2026-08-29,1166.3,1183.9,1627266.61,90.4,1514.1,,2026-09-05 07:12:52.793976
436,7,Footwear,2026-08-14,649.1,629.6,1096026.74,36.5,728.1,,2026-09-05 07:12:52.793976
437,7,Traditional Wear,2026-07-15,1129.1,1179.0,1831948.71,57.1,1426.6,,2026-09-05 07:12:52.793976
438,13,Traditional Wear,2026-07-25,745.3,780.9,1298441.32,55.6,998.1,,2026-09-05 07:12:52.793976
439,11,Traditional Wear,2026-09-01,1195.3,1332.0,2035788.08,84.9,1526.4,,2026-09-05 07:12:52.793976
440,11,Footwear,2026-07-22,421.7,429.9,541926.74,28.4,553.2,,2026-09-05 07:12:52.793976
441,3,Kids Wear,2026-07-22,610.8,705.7,896691.17,32.3,798.8,14.0,2026-09-05 07:12:52.793976
442,10,Women's Wear,2026-08-23,864.7,898.4,1602630.46,52.0,1098.7,,2026-09-05 07:12:52.793976
443,1,Casual Wear,2026-08-25,1238.3,1278.8,1536660.81,94.1,1754.6,,2026-09-05 07:12:52.793976
444,10,Footwear,2026-07-13,410.0,404.0,673757.16,17.7,532.1,,2026-09-05 07:12:52.793976
445,5,Footwear,2026-07-09,577.0,569.6,717630.69,27.8,633.3,,2026-09-05 07:12:52.793976
446,6,Accessories,2026-08-17,374.9,391.0,496390.39,32.3,534.5,,2026-09-05 07:12:52.793976
447,14,Women's Wear,2026-09-04,1082.3,1053.2,1656772.3,88.4,1187.9,,2026-09-05 07:12:52.793976
448,6,Women's Wear,2026-07-14,777.0,803.0,1183560.34,65.7,1049.5,,2026-09-05 07:12:52.793976
449,13,Kids Wear,2026-08-05,391.8,410.1,506550.53,35.7,470.7,,2026-09-05 07:12:52.793976
450,15,Casual Wear,2026-08-09,754.6,785.0,1148374.68,55.4,1047.0,,2026-09-05 07:12:52.793976
451,1,Accessories,2026-07-27,499.6,580.8,742490.77,50.0,658.6,14.0,2026-09-05 07:12:52.793976
452,8,Traditional Wear,2026-08-09,1296.8,1178.1,1422456.94,98.3,1481.4,,2026-09-05 07:12:52.793976
453,10,Footwear,2026-07-19,420.3,412.9,625073.58,31.0,466.0,,2026-09-05 07:12:52.793976
454,12,Women's Wear,2026-07-24,929.9,900.3,1426833.86,42.7,1213.5,,2026-09-05 07:12:52.793976
455,10,Traditional Wear,2026-07-09,776.7,741.7,1110696.46,35.8,983.1,,2026-09-05 07:12:52.793976
456,4,Men's Wear,2026-08-15,772.3,835.4,1324936.37,50.3,977.8,,2026-09-05 07:12:52.793976
457,8,Accessories,2026-08-06,531.9,513.4,918165.81,39.7,567.5,,2026-09-05 07:12:52.793976
458,7,Traditional Wear,2026-08-10,1257.3,1337.8,2090341.89,94.9,1593.8,,2026-09-05 07:12:52.793976
459,9,Women's Wear,2026-08-03,1180.3,1132.6,1914041.01,93.1,1358.7,,2026-09-05 07:12:52.793976
460,10,Casual Wear,2026-07-17,839.3,892.1,1453719.86,40.8,1184.5,,2026-09-05 07:12:52.793976
461,1,Men's Wear,2026-08-21,975.8,991.0,1411515.21,44.9,1356.7,,2026-09-05 07:12:52.793976
462,3,Accessories,2026-08-04,423.1,402.8,509210.46,28.4,465.7,,2026-09-05 07:12:52.793976
463,7,Women's Wear,2026-07-12,1058.5,1054.3,1527345.65,91.0,1424.6,,2026-09-05 07:12:52.793976
464,2,Accessories,2026-07-29,396.6,389.2,604657.11,25.4,540.7,,2026-09-05 07:12:52.793976
465,9,Footwear,2026-09-04,488.3,500.2,752800.87,43.0,576.8,,2026-09-05 07:12:52.793976
466,3,Footwear,2026-07-29,558.9,537.1,856412.98,37.8,642.7,,2026-09-05 07:12:52.793976
467,7,Kids Wear,2026-07-10,709.7,711.5,1265158.08,63.0,879.3,,2026-09-05 07:12:52.793976
468,3,Kids Wear,2026-08-27,556.8,539.0,812476.08,44.3,681.5,,2026-09-05 07:12:52.793976
469,12,Footwear,2026-08-15,555.7,565.1,776643.88,32.4,735.6,,2026-09-05 07:12:52.793976
470,11,Women's Wear,2026-07-21,991.2,1044.0,1454739.71,47.8,1258.7,,2026-09-05 07:12:52.793976
471,10,Casual Wear,2026-08-05,952.8,915.8,1392328.91,76.8,1123.4,,2026-09-05 07:12:52.793976
472,9,Traditional Wear,2026-09-04,1103.7,1020.6,1635156.85,51.0,1352.4,,2026-09-05 07:12:52.793976
473,5,Footwear,2026-08-25,581.4,574.3,948833.4,23.9,772.0,,2026-09-05 07:12:52.793976
474,10,Accessories,2026-08-29,339.6,329.0,439078.28,23.8,400.3,,2026-09-05 07:12:52.793976
475,13,Accessories,2026-08-03,302.0,287.9,412426.19,25.3,401.0,,2026-09-05 07:12:52.793976
476,9,Traditional Wear,2026-08-15,1098.6,1012.3,1591676.76,80.0,1377.8,,2026-09-05 07:12:52.793976
477,4,Footwear,2026-07-13,417.7,418.4,653554.27,33.0,581.3,,2026-09-05 07:12:52.793976
478,8,Women's Wear,2026-08-17,1497.6,1698.7,2787647.71,78.1,1889.3,,2026-09-05 07:12:52.793976
479,9,Men's Wear,2026-08-18,864.4,863.4,1403727.44,41.2,989.6,,2026-09-05 07:12:52.793976
480,10,Traditional Wear,2026-08-15,997.7,1033.4,1762860.51,56.9,1381.6,,2026-09-05 07:12:52.793976
481,6,Traditional Wear,2026-07-31,1104.2,1109.5,1376785.08,72.4,1358.9,,2026-09-05 07:12:52.793976
482,7,Traditional Wear,2026-08-01,1176.3,1205.8,1926869.23,68.2,1432.6,,2026-09-05 07:12:52.793976
483,10,Casual Wear,2026-07-18,839.8,840.5,1066454.28,48.2,985.2,,2026-09-05 07:12:52.793976
484,10,Casual Wear,2026-07-25,783.9,873.5,1248077.38,69.7,990.6,,2026-09-05 07:12:52.793976
485,9,Footwear,2026-08-19,536.3,545.4,917193.75,34.0,607.1,,2026-09-05 07:12:52.793976
486,11,Women's Wear,2026-07-09,936.1,903.5,1136217.98,80.0,1203.5,,2026-09-05 07:12:52.793976
487,1,Footwear,2026-08-01,509.7,515.7,750098.89,23.3,650.5,,2026-09-05 07:12:52.793976
488,15,Footwear,2026-07-22,404.1,372.1,656328.83,28.8,426.5,,2026-09-05 07:12:52.793976
489,12,Men's Wear,2026-08-06,690.7,743.5,1258724.38,63.6,908.8,,2026-09-05 07:12:52.793976
490,11,Kids Wear,2026-08-07,523.9,612.2,931095.36,44.1,787.0,,2026-09-05 07:12:52.793976
491,12,Casual Wear,2026-07-18,862.9,837.3,1150368.11,62.2,1073.4,,2026-09-05 07:12:52.793976
492,13,Kids Wear,2026-08-17,348.1,360.9,439753.58,17.3,420.8,,2026-09-05 07:12:52.793976
493,7,Accessories,2026-07-19,480.5,490.9,788568.72,42.1,657.1,,2026-09-05 07:12:52.793976
494,11,Men's Wear,2026-07-20,1007.2,1183.1,1520075.65,49.8,1504.7,,2026-09-05 07:12:52.793976
495,9,Casual Wear,2026-08-10,1348.6,1347.4,1894863.43,81.7,1743.2,,2026-09-05 07:12:52.793976
496,3,Women's Wear,2026-08-03,882.8,806.4,1089966.58,36.9,1049.4,,2026-09-05 07:12:52.793976
497,14,Traditional Wear,2026-07-30,1319.3,1378.0,2108062.7,75.1,1543.6,,2026-09-05 07:12:52.793976
498,4,Footwear,2026-08-29,400.7,400.1,565854.63,29.4,468.3,,2026-09-05 07:12:52.793976
499,10,Traditional Wear,2026-08-17,1034.4,979.9,1355598.85,67.8,1244.1,,2026-09-05 07:12:52.793976
500,13,Men's Wear,2026-08-12,685.7,697.3,967802.8,55.3,916.0,,2026-09-05 07:12:52.793976
501,7,Men's Wear,2026-07-25,1053.0,1043.8,1542432.68,60.5,1243.8,,2026-09-05 07:12:52.793976
502,2,Women's Wear,2026-07-31,890.1,817.5,1118642.12,66.5,1117.8,,2026-09-05 07:12:52.793976
503,5,Footwear,2026-08-23,724.4,805.1,981188.69,55.6,983.5,,2026-09-05 07:12:52.793976
504,4,Traditional Wear,2026-07-29,885.0,889.9,1601140.92,56.6,1185.8,,2026-09-05 07:12:52.793976
505,7,Women's Wear,2026-08-12,1199.7,1215.7,1824369.26,54.1,1470.0,,2026-09-05 07:12:52.793976
506,11,Women's Wear,2026-09-04,1094.4,1076.1,1687778.47,52.0,1349.7,,2026-09-05 07:12:52.793976
507,3,Women's Wear,2026-08-07,995.9,1011.5,1658053.52,88.0,1124.9,,2026-09-05 07:12:52.793976
508,8,Women's Wear,2026-07-18,1133.2,1114.9,1366516.28,56.1,1530.0,,2026-09-05 07:12:52.793976
509,7,Kids Wear,2026-08-12,693.7,732.6,924493.59,64.8,945.1,,2026-09-05 07:12:52.793976
510,14,Footwear,2026-08-18,486.9,493.9,644198.65,35.9,597.4,,2026-09-05 07:12:52.793976
511,15,Accessories,2026-07-25,226.8,233.1,336481.09,18.8,280.5,,2026-09-05 07:12:52.793976
512,8,Casual Wear,2026-07-16,1190.1,1184.3,1733743.22,61.0,1485.5,,2026-09-05 07:12:52.793976
513,4,Women's Wear,2026-08-18,684.5,681.7,912256.26,54.9,897.2,,2026-09-05 07:12:52.793976
514,11,Kids Wear,2026-08-05,535.0,524.5,833092.48,31.8,615.3,,2026-09-05 07:12:52.793976
515,10,Casual Wear,2026-08-27,763.9,802.5,989921.63,42.5,926.1,,2026-09-05 07:12:52.793976
516,10,Casual Wear,2026-08-10,879.1,890.3,1457229.32,72.2,1232.3,,2026-09-05 07:12:52.793976
517,8,Casual Wear,2026-08-22,1580.5,1637.5,2555324.04,130.6,2204.3,,2026-09-05 07:12:52.793976
518,10,Footwear,2026-08-24,412.4,439.7,708512.66,37.9,562.4,,2026-09-05 07:12:52.793976
519,4,Kids Wear,2026-08-31,391.5,400.7,602098.12,24.4,458.7,,2026-09-05 07:12:52.793976
520,3,Kids Wear,2026-08-29,627.5,675.0,1165489.82,44.9,894.9,,2026-09-05 07:12:52.793976
521,8,Footwear,2026-08-30,585.1,608.5,1013105.19,44.1,764.6,,2026-09-05 07:12:52.793976
522,14,Traditional Wear,2026-08-12,1261.6,1166.5,2056601.3,74.8,1552.1,,2026-09-05 07:12:52.793976
523,10,Accessories,2026-08-13,349.2,347.1,444402.5,22.2,406.0,,2026-09-05 07:12:52.793976
524,2,Men's Wear,2026-07-12,774.6,761.3,1031320.16,30.7,1007.3,,2026-09-05 07:12:52.793976
525,10,Casual Wear,2026-09-04,753.5,853.7,1210001.83,40.8,1105.9,,2026-09-05 07:12:52.793976
526,5,Accessories,2026-08-19,495.6,479.6,751594.78,43.0,584.7,,2026-09-05 07:12:52.793976
527,7,Casual Wear,2026-08-22,1229.7,1186.8,1604869.99,65.7,1428.1,,2026-09-05 07:12:52.793976
528,7,Footwear,2026-07-21,481.9,499.8,635471.44,25.7,667.2,,2026-09-05 07:12:52.793976
529,2,Women's Wear,2026-08-25,854.7,869.5,1400537.27,37.0,1057.9,,2026-09-05 07:12:52.793976
530,1,Accessories,2026-07-26,373.5,389.3,501105.82,33.6,479.1,14.0,2026-09-05 07:12:52.793976
531,5,Women's Wear,2026-08-31,1189.1,1171.6,1687557.31,85.3,1389.4,,2026-09-05 07:12:52.793976
532,1,Accessories,2026-07-28,528.5,480.3,702862.96,24.1,623.0,,2026-09-05 07:12:52.793976
533,9,Men's Wear,2026-07-15,886.5,831.7,1305032.11,61.3,1004.6,,2026-09-05 07:12:52.793976
534,1,Women's Wear,2026-07-25,1022.4,1303.3,1779737.11,78.2,1695.5,14.0,2026-09-05 07:12:52.793976
535,10,Women's Wear,2026-08-10,801.8,814.5,1116432.11,66.4,1119.5,,2026-09-05 07:12:52.793976
536,6,Accessories,2026-08-13,310.9,313.2,412395.17,27.1,398.5,,2026-09-05 07:12:52.793976
537,3,Kids Wear,2026-08-19,534.0,514.5,653520.68,33.8,605.7,,2026-09-05 07:12:52.793976
538,14,Accessories,2026-08-01,420.3,420.0,747445.97,28.6,559.0,,2026-09-05 07:12:52.793976
539,6,Accessories,2026-07-18,340.1,337.4,428417.35,14.6,435.3,,2026-09-05 07:12:52.793976
540,11,Footwear,2026-08-21,461.4,459.1,814107.07,30.2,506.3,,2026-09-05 07:12:52.793976
541,5,Women's Wear,2026-07-13,1157.7,1157.4,1773982.75,56.6,1382.1,,2026-09-05 07:12:52.793976
542,15,Casual Wear,2026-08-22,708.3,682.4,1098571.46,58.3,852.8,,2026-09-05 07:12:52.793976
543,4,Footwear,2026-08-23,354.1,357.6,608563.98,20.7,476.9,,2026-09-05 07:12:52.793976
544,15,Traditional Wear,2026-08-28,869.0,934.4,1465415.96,73.1,1179.6,,2026-09-05 07:12:52.793976
545,14,Kids Wear,2026-09-02,530.3,565.4,873379.95,30.4,653.0,,2026-09-05 07:12:52.793976
546,15,Casual Wear,2026-07-18,710.7,675.7,1044631.6,28.9,905.3,,2026-09-05 07:12:52.793976
547,9,Traditional Wear,2026-08-05,1299.3,1286.8,2298101.68,96.4,1593.1,,2026-09-05 07:12:52.793976
548,1,Traditional Wear,2026-07-22,1419.8,1775.8,2535232.95,80.0,2146.0,14.0,2026-09-05 07:12:52.793976
549,5,Women's Wear,2026-07-11,1255.7,1187.6,1685862.91,77.1,1381.4,,2026-09-05 07:12:52.793976
550,13,Men's Wear,2026-07-22,564.5,570.1,838296.36,39.1,794.6,,2026-09-05 07:12:52.793976
551,1,Traditional Wear,2026-09-12,1000.0,1240.0,2478760.0,54.0,1450.0,1.0,2026-09-05 07:12:52.883255
